,Timestamp,Node,Subsystem,Message,Tuple,Type
0,1168093825,tg-login1,NET,connection down,0,login
1,1168093845,tg-login1,I-O,hda: packet command error: error=x,0,login
2,1168094079,tg-login1,I-O,x unknown partition table,0,login
3,1168094133,tg-login3,NET,connection down,0,login
4,1168094177,tg-login3,I-O,hda: packet command error: error=x,0,login
5,1168094364,tg-login3,I-O,qlx nvram config link down timeout=x,0,login
6,1168094504,tg-login3,I-O,x unknown partition table,0,login
7,1168094504,tg-login3,I-O,x unknown partition table,0,login
8,1168094505,tg-login3,I-O,x unknown partition table,0,login
9,1168094505,tg-login3,I-O,x unknown partition table,0,login
10,1168094505,tg-login3,I-O,x unknown partition table,0,login
11,1168094505,tg-login3,I-O,x unknown partition table,0,login
12,1168094505,tg-login3,I-O,x unknown partition table,0,login
13,1168094505,tg-login3,I-O,x unknown partition table,0,login
14,1168094505,tg-login3,I-O,x unknown partition table,0,login
15,1168094505,tg-login3,I-O,x unknown partition table,0,login
16,1168094505,tg-login3,I-O,x unknown partition table,0,login
17,1168094505,tg-login3,I-O,x unknown partition table,0,login
18,1168094505,tg-login3,I-O,x unknown partition table,0,login
19,1168094505,tg-login3,I-O,x unknown partition table,0,login
20,1168094505,tg-login3,I-O,x unknown partition table,0,login
21,1168094505,tg-login3,I-O,x unknown partition table,0,login
22,1168094505,tg-login3,I-O,x unknown partition table,0,login
23,1168094505,tg-login3,I-O,x unknown partition table,0,login
24,1168094505,tg-login3,I-O,x unknown partition table,0,login
25,1168094505,tg-login3,I-O,x unknown partition table,0,login
26,1168094505,tg-login3,I-O,x unknown partition table,0,login
27,1168094505,tg-login3,I-O,x unknown partition table,0,login
28,1168094505,tg-login3,I-O,x unknown partition table,0,login
29,1168094505,tg-login3,I-O,x unknown partition table,0,login
30,1168094505,tg-login3,I-O,x unknown partition table,0,login
31,1168094505,tg-login3,I-O,x unknown partition table,0,login
32,1168094505,tg-login3,I-O,x unknown partition table,0,login
33,1168094505,tg-login3,I-O,x unknown partition table,0,login
34,1168094505,tg-login3,I-O,x unknown partition table,0,login
35,1168094505,tg-login3,I-O,x unknown partition table,0,login
36,1168094505,tg-login3,I-O,x unknown partition table,0,login
37,1168094505,tg-login3,I-O,x unknown partition table,0,login
38,1168094505,tg-login3,I-O,x unknown partition table,0,login
39,1168094505,tg-login3,I-O,x unknown partition table,0,login
40,1168094505,tg-login3,I-O,x unknown partition table,0,login
41,1168094505,tg-login3,I-O,x unknown partition table,0,login
42,1168094505,tg-login3,I-O,x unknown partition table,0,login
43,1168094505,tg-login3,I-O,x unknown partition table,0,login
44,1168094505,tg-login3,I-O,x unknown partition table,0,login
45,1168094505,tg-login3,I-O,x unknown partition table,0,login
46,1168094505,tg-login3,I-O,x unknown partition table,0,login
47,1168094505,tg-login3,I-O,x unknown partition table,0,login
48,1168094505,tg-login3,I-O,x unknown partition table,0,login
49,1168094506,tg-login3,I-O,x unknown partition table,0,login
50,1168094506,tg-login3,I-O,x unknown partition table,0,login
51,1168094506,tg-login3,I-O,x unknown partition table,0,login
52,1168094506,tg-login3,I-O,x unknown partition table,0,login
53,1168094506,tg-login3,I-O,x unknown partition table,0,login
54,1168094506,tg-login3,I-O,x unknown partition table,0,login
55,1168094506,tg-login3,I-O,x unknown partition table,0,login
56,1168094506,tg-login3,I-O,x unknown partition table,0,login
57,1168094506,tg-login3,I-O,x unknown partition table,0,login
58,1168094506,tg-login3,I-O,x unknown partition table,0,login
59,1168094506,tg-login3,I-O,x unknown partition table,0,login
60,1168094506,tg-login3,I-O,x unknown partition table,0,login
61,1168094506,tg-login3,I-O,x unknown partition table,0,login
62,1168094506,tg-login3,I-O,x unknown partition table,0,login
63,1168094506,tg-login3,I-O,x unknown partition table,0,login
64,1168094506,tg-login3,I-O,x unknown partition table,0,login
65,1168094506,tg-login3,I-O,x unknown partition table,0,login
66,1168094506,tg-login3,I-O,x unknown partition table,0,login
67,1168094506,tg-login3,I-O,x unknown partition table,0,login
68,1168094506,tg-login3,I-O,x unknown partition table,0,login
69,1168094506,tg-login3,I-O,x unknown partition table,0,login
70,1168094506,tg-login3,I-O,x unknown partition table,0,login
71,1168094506,tg-login3,I-O,x unknown partition table,0,login
72,1168094506,tg-login3,I-O,x unknown partition table,0,login
73,1168094506,tg-login3,I-O,x unknown partition table,0,login
74,1168094506,tg-login3,I-O,x unknown partition table,0,login
75,1168094506,tg-login3,I-O,x unknown partition table,0,login
76,1168094506,tg-login3,I-O,x unknown partition table,0,login
77,1168094506,tg-login3,I-O,x unknown partition table,0,login
78,1168094506,tg-login3,I-O,x unknown partition table,0,login
79,1168094506,tg-login3,I-O,x unknown partition table,0,login
80,1168094506,tg-login3,I-O,x unknown partition table,0,login
81,1168094506,tg-login3,I-O,x unknown partition table,0,login
82,1168094506,tg-login3,I-O,x unknown partition table,0,login
83,1168094506,tg-login3,I-O,x unknown partition table,0,login
84,1168094506,tg-login3,I-O,x unknown partition table,0,login
85,1168094506,tg-login3,I-O,x unknown partition table,0,login
86,1168094506,tg-login3,I-O,x unknown partition table,0,login
87,1168094506,tg-login3,I-O,x unknown partition table,0,login
88,1168094507,tg-login3,I-O,x unknown partition table,0,login
89,1168094507,tg-login3,I-O,x unknown partition table,0,login
90,1168094507,tg-login3,I-O,x unknown partition table,0,login
91,1168094507,tg-login3,I-O,x unknown partition table,0,login
92,1168094507,tg-login3,I-O,x unknown partition table,0,login
93,1168094507,tg-login3,I-O,x unknown partition table,0,login
94,1168094507,tg-login3,I-O,x unknown partition table,0,login
95,1168094507,tg-login3,I-O,x unknown partition table,0,login
96,1168094507,tg-login3,I-O,x unknown partition table,0,login
97,1168094507,tg-login3,I-O,x unknown partition table,0,login
98,1168094507,tg-login3,I-O,x unknown partition table,0,login
99,1168094507,tg-login3,I-O,x unknown partition table,0,login
100,1168094507,tg-login3,I-O,x unknown partition table,0,login
101,1168094507,tg-login3,I-O,x unknown partition table,0,login
102,1168094507,tg-login3,I-O,x unknown partition table,0,login
103,1168094507,tg-login3,I-O,x unknown partition table,0,login
104,1168094507,tg-login3,I-O,x unknown partition table,0,login
105,1168094507,tg-login3,I-O,x unknown partition table,0,login
106,1168094507,tg-login3,I-O,x unknown partition table,0,login
107,1168094507,tg-login3,I-O,x unknown partition table,0,login
108,1168094507,tg-login3,I-O,x unknown partition table,0,login
109,1168094507,tg-login3,I-O,x unknown partition table,0,login
110,1168094507,tg-login3,I-O,x unknown partition table,0,login
111,1168094507,tg-login3,I-O,x unknown partition table,0,login
112,1168094507,tg-login3,I-O,x unknown partition table,0,login
113,1168094507,tg-login3,I-O,x unknown partition table,0,login
114,1168094507,tg-login3,I-O,x unknown partition table,0,login
115,1168094507,tg-login3,I-O,x unknown partition table,0,login
116,1168094507,tg-login3,I-O,x unknown partition table,0,login
117,1168094507,tg-login3,I-O,x unknown partition table,0,login
118,1168094507,tg-login3,I-O,x unknown partition table,0,login
119,1168094507,tg-login3,I-O,x unknown partition table,0,login
120,1168094507,tg-login3,I-O,x unknown partition table,0,login
121,1168094507,tg-login3,I-O,x unknown partition table,0,login
122,1168094507,tg-login3,I-O,x unknown partition table,0,login
123,1168094507,tg-login3,I-O,x unknown partition table,0,login
124,1168094507,tg-login3,I-O,x unknown partition table,0,login
125,1168094507,tg-login3,I-O,x unknown partition table,0,login
126,1168094508,tg-login3,I-O,x unknown partition table,0,login
127,1168094508,tg-login3,I-O,x unknown partition table,0,login
128,1168094508,tg-login3,I-O,x unknown partition table,0,login
129,1168094508,tg-login3,I-O,x unknown partition table,0,login
130,1168094508,tg-login3,I-O,x unknown partition table,0,login
131,1168094508,tg-login3,I-O,x unknown partition table,0,login
132,1168094508,tg-login3,I-O,x unknown partition table,0,login
133,1168094508,tg-login3,I-O,x unknown partition table,0,login
134,1168094508,tg-login3,I-O,x unknown partition table,0,login
135,1168094508,tg-login3,I-O,x unknown partition table,0,login
136,1168094508,tg-login3,I-O,x unknown partition table,0,login
137,1168094508,tg-login3,I-O,x unknown partition table,0,login
138,1168094508,tg-login3,I-O,x unknown partition table,0,login
139,1168094508,tg-login3,I-O,x unknown partition table,0,login
140,1168094508,tg-login3,I-O,x unknown partition table,0,login
141,1168094508,tg-login3,I-O,x unknown partition table,0,login
142,1168094508,tg-login3,I-O,x unknown partition table,0,login
143,1168094508,tg-login3,I-O,x unknown partition table,0,login
144,1168094508,tg-login3,I-O,x unknown partition table,0,login
145,1168094508,tg-login3,I-O,x unknown partition table,0,login
146,1168094508,tg-login3,I-O,x unknown partition table,0,login
147,1168094606,tg-login2,NET,connection down,0,login
148,1168094644,tg-login2,I-O,hda: packet command error: error=x,0,login
149,1168094694,tg-login2,I-O,qlx nvram config link down timeout=x,0,login
150,1168094753,tg-login4,I-O,hda: packet command error: error=x,0,login
151,1168094833,tg-login2,I-O,x unknown partition table,0,login
152,1168094833,tg-login2,I-O,x unknown partition table,0,login
153,1168094833,tg-login2,I-O,x unknown partition table,0,login
154,1168094833,tg-login2,I-O,x unknown partition table,0,login
155,1168094833,tg-login2,I-O,x unknown partition table,0,login
156,1168094834,tg-login2,I-O,x unknown partition table,0,login
157,1168094834,tg-login2,I-O,x unknown partition table,0,login
158,1168094834,tg-login2,I-O,x unknown partition table,0,login
159,1168094834,tg-login2,I-O,x unknown partition table,0,login
160,1168094834,tg-login2,I-O,x unknown partition table,0,login
161,1168094834,tg-login2,I-O,x unknown partition table,0,login
162,1168094834,tg-login2,I-O,x unknown partition table,0,login
163,1168094834,tg-login2,I-O,x unknown partition table,0,login
164,1168094834,tg-login2,I-O,x unknown partition table,0,login
165,1168094834,tg-login2,I-O,x unknown partition table,0,login
166,1168094834,tg-login2,I-O,x unknown partition table,0,login
167,1168094834,tg-login2,I-O,x unknown partition table,0,login
168,1168094834,tg-login2,I-O,x unknown partition table,0,login
169,1168094834,tg-login2,I-O,x unknown partition table,0,login
170,1168094834,tg-login2,I-O,x unknown partition table,0,login
171,1168094834,tg-login2,I-O,x unknown partition table,0,login
172,1168094834,tg-login2,I-O,x unknown partition table,0,login
173,1168094834,tg-login2,I-O,x unknown partition table,0,login
174,1168094834,tg-login2,I-O,x unknown partition table,0,login
175,1168094834,tg-login2,I-O,x unknown partition table,0,login
176,1168094834,tg-login2,I-O,x unknown partition table,0,login
177,1168094834,tg-login2,I-O,x unknown partition table,0,login
178,1168094834,tg-login2,I-O,x unknown partition table,0,login
179,1168094834,tg-login2,I-O,x unknown partition table,0,login
180,1168094834,tg-login2,I-O,x unknown partition table,0,login
181,1168094834,tg-login2,I-O,x unknown partition table,0,login
182,1168094834,tg-login2,I-O,x unknown partition table,0,login
183,1168094834,tg-login2,I-O,x unknown partition table,0,login
184,1168094834,tg-login2,I-O,x unknown partition table,0,login
185,1168094834,tg-login2,I-O,x unknown partition table,0,login
186,1168094834,tg-login2,I-O,x unknown partition table,0,login
187,1168094834,tg-login2,I-O,x unknown partition table,0,login
188,1168094834,tg-login2,I-O,x unknown partition table,0,login
189,1168094834,tg-login2,I-O,x unknown partition table,0,login
190,1168094834,tg-login2,I-O,x unknown partition table,0,login
191,1168094834,tg-login2,I-O,x unknown partition table,0,login
192,1168094834,tg-login2,I-O,x unknown partition table,0,login
193,1168094834,tg-login2,I-O,x unknown partition table,0,login
194,1168094834,tg-login2,I-O,x unknown partition table,0,login
195,1168094834,tg-login2,I-O,x unknown partition table,0,login
196,1168094834,tg-login2,I-O,x unknown partition table,0,login
197,1168094834,tg-login2,I-O,x unknown partition table,0,login
198,1168094835,tg-login2,I-O,x unknown partition table,0,login
199,1168094835,tg-login2,I-O,x unknown partition table,0,login
200,1168094835,tg-login2,I-O,x unknown partition table,0,login
201,1168094835,tg-login2,I-O,x unknown partition table,0,login
202,1168094835,tg-login2,I-O,x unknown partition table,0,login
203,1168094835,tg-login2,I-O,x unknown partition table,0,login
204,1168094835,tg-login2,I-O,x unknown partition table,0,login
205,1168094835,tg-login2,I-O,x unknown partition table,0,login
206,1168094835,tg-login2,I-O,x unknown partition table,0,login
207,1168094835,tg-login2,I-O,x unknown partition table,0,login
208,1168094835,tg-login2,I-O,x unknown partition table,0,login
209,1168094835,tg-login2,I-O,x unknown partition table,0,login
210,1168094835,tg-login2,I-O,x unknown partition table,0,login
211,1168094835,tg-login2,I-O,x unknown partition table,0,login
212,1168094835,tg-login2,I-O,x unknown partition table,0,login
213,1168094835,tg-login2,I-O,x unknown partition table,0,login
214,1168094835,tg-login2,I-O,x unknown partition table,0,login
215,1168094835,tg-login2,I-O,x unknown partition table,0,login
216,1168094835,tg-login2,I-O,x unknown partition table,0,login
217,1168094835,tg-login2,I-O,x unknown partition table,0,login
218,1168094835,tg-login2,I-O,x unknown partition table,0,login
219,1168094835,tg-login2,I-O,x unknown partition table,0,login
220,1168094835,tg-login2,I-O,x unknown partition table,0,login
221,1168094835,tg-login2,I-O,x unknown partition table,0,login
222,1168094835,tg-login2,I-O,x unknown partition table,0,login
223,1168094835,tg-login2,I-O,x unknown partition table,0,login
224,1168094835,tg-login2,I-O,x unknown partition table,0,login
225,1168094835,tg-login2,I-O,x unknown partition table,0,login
226,1168094835,tg-login2,I-O,x unknown partition table,0,login
227,1168094835,tg-login2,I-O,x unknown partition table,0,login
228,1168094835,tg-login2,I-O,x unknown partition table,0,login
229,1168094835,tg-login2,I-O,x unknown partition table,0,login
230,1168094835,tg-login2,I-O,x unknown partition table,0,login
231,1168094835,tg-login2,I-O,x unknown partition table,0,login
232,1168094835,tg-login2,I-O,x unknown partition table,0,login
233,1168094835,tg-login2,I-O,x unknown partition table,0,login
234,1168094835,tg-login2,I-O,x unknown partition table,0,login
235,1168094835,tg-login2,I-O,x unknown partition table,0,login
236,1168094835,tg-login2,I-O,x unknown partition table,0,login
237,1168094835,tg-login2,I-O,x unknown partition table,0,login
238,1168094835,tg-login2,I-O,x unknown partition table,0,login
239,1168094835,tg-login2,I-O,x unknown partition table,0,login
240,1168094835,tg-login2,I-O,x unknown partition table,0,login
241,1168094835,tg-login2,I-O,x unknown partition table,0,login
242,1168094836,tg-login2,I-O,x unknown partition table,0,login
243,1168094836,tg-login2,I-O,x unknown partition table,0,login
244,1168094836,tg-login2,I-O,x unknown partition table,0,login
245,1168094836,tg-login2,I-O,x unknown partition table,0,login
246,1168094836,tg-login2,I-O,x unknown partition table,0,login
247,1168094836,tg-login2,I-O,x unknown partition table,0,login
248,1168094836,tg-login2,I-O,x unknown partition table,0,login
249,1168094836,tg-login2,I-O,x unknown partition table,0,login
250,1168094836,tg-login2,I-O,x unknown partition table,0,login
251,1168094836,tg-login2,I-O,x unknown partition table,0,login
252,1168094836,tg-login2,I-O,x unknown partition table,0,login
253,1168094836,tg-login2,I-O,x unknown partition table,0,login
254,1168094836,tg-login2,I-O,x unknown partition table,0,login
255,1168094836,tg-login2,I-O,x unknown partition table,0,login
256,1168094836,tg-login2,I-O,x unknown partition table,0,login
257,1168094836,tg-login2,I-O,x unknown partition table,0,login
258,1168094836,tg-login2,I-O,x unknown partition table,0,login
259,1168094836,tg-login2,I-O,x unknown partition table,0,login
260,1168094836,tg-login2,I-O,x unknown partition table,0,login
261,1168094836,tg-login2,I-O,x unknown partition table,0,login
262,1168094836,tg-login2,I-O,x unknown partition table,0,login
263,1168094836,tg-login2,I-O,x unknown partition table,0,login
264,1168094836,tg-login2,I-O,x unknown partition table,0,login
265,1168094836,tg-login2,I-O,x unknown partition table,0,login
266,1168094836,tg-login2,I-O,x unknown partition table,0,login
267,1168094836,tg-login2,I-O,x unknown partition table,0,login
268,1168094836,tg-login2,I-O,x unknown partition table,0,login
269,1168094836,tg-login2,I-O,x unknown partition table,0,login
270,1168094836,tg-login2,I-O,x unknown partition table,0,login
271,1168094836,tg-login2,I-O,x unknown partition table,0,login
272,1168094836,tg-login2,I-O,x unknown partition table,0,login
273,1168094836,tg-login2,I-O,x unknown partition table,0,login
274,1168094836,tg-login2,I-O,x unknown partition table,0,login
275,1168094836,tg-login2,I-O,x unknown partition table,0,login
276,1168094836,tg-login2,I-O,x unknown partition table,0,login
277,1168094836,tg-login2,I-O,x unknown partition table,0,login
278,1168094836,tg-login2,I-O,x unknown partition table,0,login
279,1168094836,tg-login2,I-O,x unknown partition table,0,login
280,1168094836,tg-login2,I-O,x unknown partition table,0,login
281,1168094836,tg-login2,I-O,x unknown partition table,0,login
282,1168094836,tg-login2,I-O,x unknown partition table,0,login
283,1168094836,tg-login2,I-O,x unknown partition table,0,login
284,1168094836,tg-login2,I-O,x unknown partition table,0,login
285,1168094836,tg-login2,I-O,x unknown partition table,0,login
286,1168094837,tg-login2,I-O,x unknown partition table,0,login
287,1168094837,tg-login2,I-O,x unknown partition table,0,login
288,1168094837,tg-login2,I-O,x unknown partition table,0,login
289,1168094837,tg-login2,I-O,x unknown partition table,0,login
290,1168094837,tg-login2,I-O,x unknown partition table,0,login
291,1168094837,tg-login2,I-O,x unknown partition table,0,login
292,1168095069,tg-login4,I-O,qlx nvram config link down timeout=x,0,login
293,1168292846,tg-login1,I-O,hda: packet command error: error=x,1,login
294,1168292883,tg-login1,I-O,qlx nvram config link down timeout=x,1,login
295,1171484270,tg-login3,I-O,hda: packet command error: error=x,2,login
296,1171484454,tg-login3,I-O,qlx nvram config link down timeout=x,2,login
297,1171484594,tg-login3,I-O,x unknown partition table,2,login
298,1171484594,tg-login3,I-O,x unknown partition table,2,login
299,1171484594,tg-login3,I-O,x unknown partition table,2,login
300,1171484594,tg-login3,I-O,x unknown partition table,2,login
301,1171484594,tg-login3,I-O,x unknown partition table,2,login
302,1171484594,tg-login3,I-O,x unknown partition table,2,login
303,1171484594,tg-login3,I-O,x unknown partition table,2,login
304,1171484594,tg-login3,I-O,x unknown partition table,2,login
305,1171484594,tg-login3,I-O,x unknown partition table,2,login
306,1171484594,tg-login3,I-O,x unknown partition table,2,login
307,1171484594,tg-login3,I-O,x unknown partition table,2,login
308,1171484594,tg-login3,I-O,x unknown partition table,2,login
309,1171484594,tg-login3,I-O,x unknown partition table,2,login
310,1171484594,tg-login3,I-O,x unknown partition table,2,login
311,1171484594,tg-login3,I-O,x unknown partition table,2,login
312,1171484594,tg-login3,I-O,x unknown partition table,2,login
313,1171484594,tg-login3,I-O,x unknown partition table,2,login
314,1171484594,tg-login3,I-O,x unknown partition table,2,login
315,1171484595,tg-login3,I-O,x unknown partition table,2,login
316,1171484595,tg-login3,I-O,x unknown partition table,2,login
317,1171484595,tg-login3,I-O,x unknown partition table,2,login
318,1171484595,tg-login3,I-O,x unknown partition table,2,login
319,1171484595,tg-login3,I-O,x unknown partition table,2,login
320,1171484595,tg-login3,I-O,x unknown partition table,2,login
321,1171484595,tg-login3,I-O,x unknown partition table,2,login
322,1171484595,tg-login3,I-O,x unknown partition table,2,login
323,1171484595,tg-login3,I-O,x unknown partition table,2,login
324,1171484595,tg-login3,I-O,x unknown partition table,2,login
325,1171484595,tg-login3,I-O,x unknown partition table,2,login
326,1171484595,tg-login3,I-O,x unknown partition table,2,login
327,1171484595,tg-login3,I-O,x unknown partition table,2,login
328,1171484595,tg-login3,I-O,x unknown partition table,2,login
329,1171484595,tg-login3,I-O,x unknown partition table,2,login
330,1171484595,tg-login3,I-O,x unknown partition table,2,login
331,1171484595,tg-login3,I-O,x unknown partition table,2,login
332,1171484595,tg-login3,I-O,x unknown partition table,2,login
333,1171484595,tg-login3,I-O,x unknown partition table,2,login
334,1171484595,tg-login3,I-O,x unknown partition table,2,login
335,1171484596,tg-login3,I-O,x unknown partition table,2,login
336,1171484596,tg-login3,I-O,x unknown partition table,2,login
337,1171484596,tg-login3,I-O,x unknown partition table,2,login
338,1171484596,tg-login3,I-O,x unknown partition table,2,login
339,1171484596,tg-login3,I-O,x unknown partition table,2,login
340,1171484596,tg-login3,I-O,x unknown partition table,2,login
341,1171484596,tg-login3,I-O,x unknown partition table,2,login
342,1171484596,tg-login3,I-O,x unknown partition table,2,login
343,1171484596,tg-login3,I-O,x unknown partition table,2,login
344,1171484596,tg-login3,I-O,x unknown partition table,2,login
345,1171484596,tg-login3,I-O,x unknown partition table,2,login
346,1171484596,tg-login3,I-O,x unknown partition table,2,login
347,1171484596,tg-login3,I-O,x unknown partition table,2,login
348,1171484596,tg-login3,I-O,x unknown partition table,2,login
349,1171484596,tg-login3,I-O,x unknown partition table,2,login
350,1171484596,tg-login3,I-O,x unknown partition table,2,login
351,1171484596,tg-login3,I-O,x unknown partition table,2,login
352,1171484596,tg-login3,I-O,x unknown partition table,2,login
353,1171484596,tg-login3,I-O,x unknown partition table,2,login
354,1171484596,tg-login3,I-O,x unknown partition table,2,login
355,1171484596,tg-login3,I-O,x unknown partition table,2,login
356,1171484596,tg-login3,I-O,x unknown partition table,2,login
357,1171484597,tg-login3,I-O,x unknown partition table,2,login
358,1171484597,tg-login3,I-O,x unknown partition table,2,login
359,1171484597,tg-login3,I-O,x unknown partition table,2,login
360,1171484597,tg-login3,I-O,x unknown partition table,2,login
361,1171484597,tg-login3,I-O,x unknown partition table,2,login
362,1171484597,tg-login3,I-O,x unknown partition table,2,login
363,1171484597,tg-login3,I-O,x unknown partition table,2,login
364,1171484597,tg-login3,I-O,x unknown partition table,2,login
365,1171484597,tg-login3,I-O,x unknown partition table,2,login
366,1171484597,tg-login3,I-O,x unknown partition table,2,login
367,1171484597,tg-login3,I-O,x unknown partition table,2,login
368,1171484597,tg-login3,I-O,x unknown partition table,2,login
369,1171484597,tg-login3,I-O,x unknown partition table,2,login
370,1171484597,tg-login3,I-O,x unknown partition table,2,login
371,1171484597,tg-login3,I-O,x unknown partition table,2,login
372,1171484597,tg-login3,I-O,x unknown partition table,2,login
373,1171484597,tg-login3,I-O,x unknown partition table,2,login
374,1171484597,tg-login3,I-O,x unknown partition table,2,login
375,1171484597,tg-login3,I-O,x unknown partition table,2,login
376,1171484597,tg-login3,I-O,x unknown partition table,2,login
377,1171484598,tg-login3,I-O,x unknown partition table,2,login
378,1171484598,tg-login3,I-O,x unknown partition table,2,login
379,1171484598,tg-login3,I-O,x unknown partition table,2,login
380,1171484598,tg-login3,I-O,x unknown partition table,2,login
381,1171484598,tg-login3,I-O,x unknown partition table,2,login
382,1171484598,tg-login3,I-O,x unknown partition table,2,login
383,1171484598,tg-login3,I-O,x unknown partition table,2,login
384,1171484598,tg-login3,I-O,x unknown partition table,2,login
385,1171484598,tg-login3,I-O,x unknown partition table,2,login
386,1171484598,tg-login3,I-O,x unknown partition table,2,login
387,1171484598,tg-login3,I-O,x unknown partition table,2,login
388,1171484598,tg-login3,I-O,x unknown partition table,2,login
389,1171484598,tg-login3,I-O,x unknown partition table,2,login
390,1171484598,tg-login3,I-O,x unknown partition table,2,login
391,1171484598,tg-login3,I-O,x unknown partition table,2,login
392,1171484598,tg-login3,I-O,x unknown partition table,2,login
393,1171484598,tg-login3,I-O,x unknown partition table,2,login
394,1171484598,tg-login3,I-O,x unknown partition table,2,login
395,1171484598,tg-login3,I-O,x unknown partition table,2,login
396,1171484598,tg-login3,I-O,x unknown partition table,2,login
397,1171484598,tg-login3,I-O,x unknown partition table,2,login
398,1171484598,tg-login3,I-O,x unknown partition table,2,login
399,1171484598,tg-login3,I-O,x unknown partition table,2,login
400,1171484599,tg-login3,I-O,x unknown partition table,2,login
401,1171484599,tg-login3,I-O,x unknown partition table,2,login
402,1171484599,tg-login3,I-O,x unknown partition table,2,login
403,1171484599,tg-login3,I-O,x unknown partition table,2,login
404,1171484599,tg-login3,I-O,x unknown partition table,2,login
405,1171484599,tg-login3,I-O,x unknown partition table,2,login
406,1171484599,tg-login3,I-O,x unknown partition table,2,login
407,1171484599,tg-login3,I-O,x unknown partition table,2,login
408,1171484599,tg-login3,I-O,x unknown partition table,2,login
409,1171484599,tg-login3,I-O,x unknown partition table,2,login
410,1171484599,tg-login3,I-O,x unknown partition table,2,login
411,1171484599,tg-login3,I-O,x unknown partition table,2,login
412,1171484599,tg-login3,I-O,x unknown partition table,2,login
413,1171484599,tg-login3,I-O,x unknown partition table,2,login
414,1171484599,tg-login3,I-O,x unknown partition table,2,login
415,1171484599,tg-login3,I-O,x unknown partition table,2,login
416,1171484599,tg-login3,I-O,x unknown partition table,2,login
417,1171484599,tg-login3,I-O,x unknown partition table,2,login
418,1171484599,tg-login3,I-O,x unknown partition table,2,login
419,1171484599,tg-login3,I-O,x unknown partition table,2,login
420,1171484599,tg-login3,I-O,x unknown partition table,2,login
421,1171484600,tg-login3,I-O,x unknown partition table,2,login
422,1171484600,tg-login3,I-O,x unknown partition table,2,login
423,1171484600,tg-login3,I-O,x unknown partition table,2,login
424,1171484600,tg-login3,I-O,x unknown partition table,2,login
425,1171484600,tg-login3,I-O,x unknown partition table,2,login
426,1171484600,tg-login3,I-O,x unknown partition table,2,login
427,1171484600,tg-login3,I-O,x unknown partition table,2,login
428,1171484600,tg-login3,I-O,x unknown partition table,2,login
429,1171484600,tg-login3,I-O,x unknown partition table,2,login
430,1171484600,tg-login3,I-O,x unknown partition table,2,login
431,1171484600,tg-login3,I-O,x unknown partition table,2,login
432,1171484600,tg-login3,I-O,x unknown partition table,2,login
433,1171484600,tg-login3,I-O,x unknown partition table,2,login
434,1171484600,tg-login3,I-O,x unknown partition table,2,login
435,1171484600,tg-login3,I-O,x unknown partition table,2,login
436,1171484600,tg-login3,I-O,x unknown partition table,2,login
437,1171484600,tg-login3,I-O,x unknown partition table,2,login
438,1171484801,tg-login2,I-O,hda: packet command error: error=x,2,login
439,1171484870,tg-login1,I-O,hda: packet command error: error=x,2,login
440,1171485049,tg-login1,I-O,x unknown partition table,2,login
441,1171485049,tg-login1,I-O,x unknown partition table,2,login
442,1171485049,tg-login1,I-O,x unknown partition table,2,login
443,1171485049,tg-login1,I-O,x unknown partition table,2,login
444,1171485049,tg-login1,I-O,x unknown partition table,2,login
445,1171485049,tg-login1,I-O,x unknown partition table,2,login
446,1171485049,tg-login1,I-O,x unknown partition table,2,login
447,1171485049,tg-login1,I-O,x unknown partition table,2,login
448,1171485049,tg-login1,I-O,x unknown partition table,2,login
449,1171485049,tg-login1,I-O,x unknown partition table,2,login
450,1171485050,tg-login1,I-O,x unknown partition table,2,login
451,1171485050,tg-login1,I-O,x unknown partition table,2,login
452,1171485050,tg-login1,I-O,x unknown partition table,2,login
453,1171485050,tg-login1,I-O,x unknown partition table,2,login
454,1171485050,tg-login1,I-O,x unknown partition table,2,login
455,1171485050,tg-login1,I-O,x unknown partition table,2,login
456,1171485050,tg-login1,I-O,x unknown partition table,2,login
457,1171485050,tg-login1,I-O,x unknown partition table,2,login
458,1171485050,tg-login1,I-O,x unknown partition table,2,login
459,1171485050,tg-login1,I-O,x unknown partition table,2,login
460,1171485050,tg-login1,I-O,x unknown partition table,2,login
461,1171485050,tg-login1,I-O,x unknown partition table,2,login
462,1171485050,tg-login1,I-O,x unknown partition table,2,login
463,1171485050,tg-login1,I-O,x unknown partition table,2,login
464,1171485050,tg-login1,I-O,x unknown partition table,2,login
465,1171485050,tg-login1,I-O,x unknown partition table,2,login
466,1171485050,tg-login1,I-O,x unknown partition table,2,login
467,1171485050,tg-login1,I-O,x unknown partition table,2,login
468,1171485050,tg-login1,I-O,x unknown partition table,2,login
469,1171485050,tg-login1,I-O,x unknown partition table,2,login
470,1171485050,tg-login1,I-O,x unknown partition table,2,login
471,1171485050,tg-login1,I-O,x unknown partition table,2,login
472,1171485050,tg-login1,I-O,x unknown partition table,2,login
473,1171485050,tg-login1,I-O,x unknown partition table,2,login
474,1171485050,tg-login1,I-O,x unknown partition table,2,login
475,1171485050,tg-login1,I-O,x unknown partition table,2,login
476,1171485050,tg-login1,I-O,x unknown partition table,2,login
477,1171485050,tg-login1,I-O,x unknown partition table,2,login
478,1171485050,tg-login1,I-O,x unknown partition table,2,login
479,1171485050,tg-login1,I-O,x unknown partition table,2,login
480,1171485051,tg-login1,I-O,x unknown partition table,2,login
481,1171485051,tg-login1,I-O,x unknown partition table,2,login
482,1171485051,tg-login1,I-O,x unknown partition table,2,login
483,1171485051,tg-login1,I-O,x unknown partition table,2,login
484,1171485051,tg-login1,I-O,x unknown partition table,2,login
485,1171485051,tg-login1,I-O,x unknown partition table,2,login
486,1171485051,tg-login1,I-O,x unknown partition table,2,login
487,1171485051,tg-login1,I-O,x unknown partition table,2,login
488,1171485051,tg-login1,I-O,x unknown partition table,2,login
489,1171485051,tg-login1,I-O,x unknown partition table,2,login
490,1171485051,tg-login1,I-O,x unknown partition table,2,login
491,1171485051,tg-login1,I-O,x unknown partition table,2,login
492,1171485051,tg-login1,I-O,x unknown partition table,2,login
493,1171485051,tg-login1,I-O,x unknown partition table,2,login
494,1171485051,tg-login1,I-O,x unknown partition table,2,login
495,1171485051,tg-login1,I-O,x unknown partition table,2,login
496,1171485051,tg-login1,I-O,x unknown partition table,2,login
497,1171485051,tg-login1,I-O,x unknown partition table,2,login
498,1171485051,tg-login1,I-O,x unknown partition table,2,login
499,1171485051,tg-login1,I-O,x unknown partition table,2,login
500,1171485051,tg-login1,I-O,x unknown partition table,2,login
501,1171485051,tg-login1,I-O,x unknown partition table,2,login
502,1171485051,tg-login1,I-O,x unknown partition table,2,login
503,1171485051,tg-login1,I-O,x unknown partition table,2,login
504,1171485051,tg-login1,I-O,x unknown partition table,2,login
505,1171485051,tg-login1,I-O,x unknown partition table,2,login
506,1171485051,tg-login1,I-O,x unknown partition table,2,login
507,1171485051,tg-login1,I-O,x unknown partition table,2,login
508,1171485051,tg-login1,I-O,x unknown partition table,2,login
509,1171485051,tg-login1,I-O,x unknown partition table,2,login
510,1171485052,tg-login1,I-O,x unknown partition table,2,login
511,1171485052,tg-login1,I-O,x unknown partition table,2,login
512,1171485052,tg-login1,I-O,x unknown partition table,2,login
513,1171485052,tg-login1,I-O,x unknown partition table,2,login
514,1171485052,tg-login1,I-O,x unknown partition table,2,login
515,1171485052,tg-login1,I-O,x unknown partition table,2,login
516,1171485052,tg-login1,I-O,x unknown partition table,2,login
517,1171485052,tg-login1,I-O,x unknown partition table,2,login
518,1171485052,tg-login1,I-O,x unknown partition table,2,login
519,1171485052,tg-login1,I-O,x unknown partition table,2,login
520,1171485052,tg-login1,I-O,x unknown partition table,2,login
521,1171485052,tg-login1,I-O,x unknown partition table,2,login
522,1171485052,tg-login1,I-O,x unknown partition table,2,login
523,1171485052,tg-login1,I-O,x unknown partition table,2,login
524,1171485052,tg-login1,I-O,x unknown partition table,2,login
525,1171485052,tg-login1,I-O,x unknown partition table,2,login
526,1171485052,tg-login1,I-O,x unknown partition table,2,login
527,1171485052,tg-login1,I-O,x unknown partition table,2,login
528,1171485052,tg-login1,I-O,x unknown partition table,2,login
529,1171485052,tg-login1,I-O,x unknown partition table,2,login
530,1171485052,tg-login1,I-O,x unknown partition table,2,login
531,1171485052,tg-login1,I-O,x unknown partition table,2,login
532,1171485052,tg-login1,I-O,x unknown partition table,2,login
533,1171485052,tg-login1,I-O,x unknown partition table,2,login
534,1171485052,tg-login1,I-O,x unknown partition table,2,login
535,1171485052,tg-login1,I-O,x unknown partition table,2,login
536,1171485052,tg-login1,I-O,x unknown partition table,2,login
537,1171485052,tg-login1,I-O,x unknown partition table,2,login
538,1171485052,tg-login1,I-O,x unknown partition table,2,login
539,1171485052,tg-login1,I-O,x unknown partition table,2,login
540,1171485052,tg-login1,I-O,x unknown partition table,2,login
541,1171485053,tg-login1,I-O,x unknown partition table,2,login
542,1171485053,tg-login1,I-O,x unknown partition table,2,login
543,1171485053,tg-login1,I-O,x unknown partition table,2,login
544,1171485053,tg-login1,I-O,x unknown partition table,2,login
545,1171485053,tg-login1,I-O,x unknown partition table,2,login
546,1171485053,tg-login1,I-O,x unknown partition table,2,login
547,1171485053,tg-login1,I-O,x unknown partition table,2,login
548,1171485053,tg-login1,I-O,x unknown partition table,2,login
549,1171485053,tg-login1,I-O,x unknown partition table,2,login
550,1171485053,tg-login1,I-O,x unknown partition table,2,login
551,1171485053,tg-login1,I-O,x unknown partition table,2,login
552,1171485053,tg-login1,I-O,x unknown partition table,2,login
553,1171485053,tg-login1,I-O,x unknown partition table,2,login
554,1171485053,tg-login1,I-O,x unknown partition table,2,login
555,1171485053,tg-login1,I-O,x unknown partition table,2,login
556,1171485053,tg-login1,I-O,x unknown partition table,2,login
557,1171485053,tg-login1,I-O,x unknown partition table,2,login
558,1171485053,tg-login1,I-O,x unknown partition table,2,login
559,1171485053,tg-login1,I-O,x unknown partition table,2,login
560,1171485053,tg-login1,I-O,x unknown partition table,2,login
561,1171485053,tg-login1,I-O,x unknown partition table,2,login
562,1171485053,tg-login1,I-O,x unknown partition table,2,login
563,1171485053,tg-login1,I-O,x unknown partition table,2,login
564,1171485053,tg-login1,I-O,x unknown partition table,2,login
565,1171485053,tg-login1,I-O,x unknown partition table,2,login
566,1171485053,tg-login1,I-O,x unknown partition table,2,login
567,1171485053,tg-login1,I-O,x unknown partition table,2,login
568,1171485053,tg-login1,I-O,x unknown partition table,2,login
569,1171485053,tg-login1,I-O,x unknown partition table,2,login
570,1171485053,tg-login1,I-O,x unknown partition table,2,login
571,1171485053,tg-login1,I-O,x unknown partition table,2,login
572,1171485053,tg-login1,I-O,x unknown partition table,2,login
573,1171485054,tg-login1,I-O,x unknown partition table,2,login
574,1171485054,tg-login1,I-O,x unknown partition table,2,login
575,1171485054,tg-login1,I-O,x unknown partition table,2,login
576,1171485054,tg-login1,I-O,x unknown partition table,2,login
577,1171485054,tg-login1,I-O,x unknown partition table,2,login
578,1171485054,tg-login1,I-O,x unknown partition table,2,login
579,1171485054,tg-login1,I-O,x unknown partition table,2,login
580,1171485054,tg-login1,I-O,x unknown partition table,2,login
581,1171485094,tg-login2,I-O,qlx nvram config link down timeout=x,2,login
582,1171485124,tg-login4,I-O,hda: packet command error: error=x,2,login
583,1171485193,tg-login4,I-O,qlx nvram config link down timeout=x,2,login
584,1171783280,tg-login4,I-O,SCSI Error: (x:x:x) Status=x (CHECK CONDITION),3,login
585,1171783307,tg-login4,I-O,SCSI Error: (x:x:x) Status=x (CHECK CONDITION),3,login
586,1172108562,tg-login3,I-O,U=x,4,login
587,1172813885,tg-login3,I-O,qlx nvram config link down timeout=x,5,login
588,1172813993,tg-login3,I-O,x unknown partition table,5,login
589,1172813993,tg-login3,I-O,x unknown partition table,5,login
590,1172813993,tg-login3,I-O,x unknown partition table,5,login
591,1172813993,tg-login3,I-O,x unknown partition table,5,login
592,1172813993,tg-login3,I-O,x unknown partition table,5,login
593,1172813993,tg-login3,I-O,x unknown partition table,5,login
594,1172813993,tg-login3,I-O,x unknown partition table,5,login
595,1172813993,tg-login3,I-O,x unknown partition table,5,login
596,1172813993,tg-login3,I-O,x unknown partition table,5,login
597,1172813993,tg-login3,I-O,x unknown partition table,5,login
598,1172813994,tg-login3,I-O,x unknown partition table,5,login
599,1172813994,tg-login3,I-O,x unknown partition table,5,login
600,1172813994,tg-login3,I-O,x unknown partition table,5,login
601,1172813995,tg-login3,I-O,x unknown partition table,5,login
602,1172813995,tg-login3,I-O,x unknown partition table,5,login
603,1172813995,tg-login3,I-O,x unknown partition table,5,login
604,1172813995,tg-login3,I-O,x unknown partition table,5,login
605,1172813995,tg-login3,I-O,x unknown partition table,5,login
606,1172813995,tg-login3,I-O,x unknown partition table,5,login
607,1172813995,tg-login3,I-O,x unknown partition table,5,login
608,1172813995,tg-login3,I-O,x unknown partition table,5,login
609,1172813995,tg-login3,I-O,x unknown partition table,5,login
610,1172813996,tg-login3,I-O,x unknown partition table,5,login
611,1172813996,tg-login3,I-O,x unknown partition table,5,login
612,1172813996,tg-login3,I-O,x unknown partition table,5,login
613,1172813996,tg-login3,I-O,x unknown partition table,5,login
614,1172813996,tg-login3,I-O,x unknown partition table,5,login
615,1172813996,tg-login3,I-O,x unknown partition table,5,login
616,1172813996,tg-login3,I-O,x unknown partition table,5,login
617,1172813997,tg-login3,I-O,x unknown partition table,5,login
618,1172813997,tg-login3,I-O,x unknown partition table,5,login
619,1172813997,tg-login3,I-O,x unknown partition table,5,login
620,1172813997,tg-login3,I-O,x unknown partition table,5,login
621,1172813997,tg-login3,I-O,x unknown partition table,5,login
622,1172813997,tg-login3,I-O,x unknown partition table,5,login
623,1172813997,tg-login3,I-O,x unknown partition table,5,login
624,1172813997,tg-login3,I-O,x unknown partition table,5,login
625,1172813997,tg-login3,I-O,x unknown partition table,5,login
626,1172813997,tg-login3,I-O,x unknown partition table,5,login
627,1172813997,tg-login3,I-O,x unknown partition table,5,login
628,1172813997,tg-login3,I-O,x unknown partition table,5,login
629,1172813997,tg-login3,I-O,x unknown partition table,5,login
630,1172813997,tg-login3,I-O,x unknown partition table,5,login
631,1172813998,tg-login3,I-O,x unknown partition table,5,login
632,1172813998,tg-login3,I-O,x unknown partition table,5,login
633,1172813998,tg-login3,I-O,x unknown partition table,5,login
634,1172813998,tg-login3,I-O,x unknown partition table,5,login
635,1172813998,tg-login3,I-O,x unknown partition table,5,login
636,1172813998,tg-login3,I-O,x unknown partition table,5,login
637,1172813998,tg-login3,I-O,x unknown partition table,5,login
638,1172813998,tg-login3,I-O,x unknown partition table,5,login
639,1172813999,tg-login3,I-O,x unknown partition table,5,login
640,1172813999,tg-login3,I-O,x unknown partition table,5,login
641,1172813999,tg-login3,I-O,x unknown partition table,5,login
642,1172813999,tg-login3,I-O,x unknown partition table,5,login
643,1172813999,tg-login3,I-O,x unknown partition table,5,login
644,1172813999,tg-login3,I-O,x unknown partition table,5,login
645,1172813999,tg-login3,I-O,x unknown partition table,5,login
646,1172814000,tg-login3,I-O,x unknown partition table,5,login
647,1172814000,tg-login3,I-O,x unknown partition table,5,login
648,1172814000,tg-login3,I-O,x unknown partition table,5,login
649,1172814000,tg-login3,I-O,x unknown partition table,5,login
650,1172814000,tg-login3,I-O,x unknown partition table,5,login
651,1172814000,tg-login3,I-O,x unknown partition table,5,login
652,1172814000,tg-login3,I-O,x unknown partition table,5,login
653,1172814001,tg-login3,I-O,x unknown partition table,5,login
654,1172814001,tg-login3,I-O,x unknown partition table,5,login
655,1172814001,tg-login3,I-O,x unknown partition table,5,login
656,1172814001,tg-login3,I-O,x unknown partition table,5,login
657,1172814001,tg-login3,I-O,x unknown partition table,5,login
658,1172814001,tg-login3,I-O,x unknown partition table,5,login
659,1172814001,tg-login3,I-O,x unknown partition table,5,login
660,1172814001,tg-login3,I-O,x unknown partition table,5,login
661,1172814001,tg-login3,I-O,x unknown partition table,5,login
662,1172814001,tg-login3,I-O,x unknown partition table,5,login
663,1172814001,tg-login3,I-O,x unknown partition table,5,login
664,1172814001,tg-login3,I-O,x unknown partition table,5,login
665,1172814001,tg-login3,I-O,x unknown partition table,5,login
666,1172814002,tg-login3,I-O,x unknown partition table,5,login
667,1172814002,tg-login3,I-O,x unknown partition table,5,login
668,1172814002,tg-login3,I-O,x unknown partition table,5,login
669,1172814002,tg-login3,I-O,x unknown partition table,5,login
670,1172814002,tg-login3,I-O,x unknown partition table,5,login
671,1172814002,tg-login3,I-O,x unknown partition table,5,login
672,1172814002,tg-login3,I-O,x unknown partition table,5,login
673,1172814002,tg-login3,I-O,x unknown partition table,5,login
674,1172814002,tg-login3,I-O,x unknown partition table,5,login
675,1172814002,tg-login3,I-O,x unknown partition table,5,login
676,1172814002,tg-login3,I-O,x unknown partition table,5,login
677,1172814002,tg-login3,I-O,x unknown partition table,5,login
678,1172814002,tg-login3,I-O,x unknown partition table,5,login
679,1173024698,tg-login3,I-O,hda: packet command error: error=x,6,login
680,1173024782,tg-login3,I-O,qlx nvram config link down timeout=x,6,login
681,1173219859,tg-login4,I-O,hda: packet command error: error=x,7,login
682,1173220070,tg-login4,I-O,x unknown partition table,7,login
683,1173220070,tg-login4,I-O,x unknown partition table,7,login
684,1173220070,tg-login4,I-O,x unknown partition table,7,login
685,1173220070,tg-login4,I-O,x unknown partition table,7,login
686,1173220070,tg-login4,I-O,x unknown partition table,7,login
687,1173220070,tg-login4,I-O,x unknown partition table,7,login
688,1173220070,tg-login4,I-O,x unknown partition table,7,login
689,1173220070,tg-login4,I-O,x unknown partition table,7,login
690,1173220070,tg-login4,I-O,x unknown partition table,7,login
691,1173220070,tg-login4,I-O,x unknown partition table,7,login
692,1173220071,tg-login4,I-O,x unknown partition table,7,login
693,1173220071,tg-login4,I-O,x unknown partition table,7,login
694,1173220071,tg-login4,I-O,x unknown partition table,7,login
695,1173220071,tg-login4,I-O,x unknown partition table,7,login
696,1173220071,tg-login4,I-O,x unknown partition table,7,login
697,1173220071,tg-login4,I-O,x unknown partition table,7,login
698,1173220071,tg-login4,I-O,x unknown partition table,7,login
699,1173220071,tg-login4,I-O,x unknown partition table,7,login
700,1173220071,tg-login4,I-O,x unknown partition table,7,login
701,1173220071,tg-login4,I-O,x unknown partition table,7,login
702,1173220071,tg-login4,I-O,x unknown partition table,7,login
703,1173220071,tg-login4,I-O,x unknown partition table,7,login
704,1173220071,tg-login4,I-O,x unknown partition table,7,login
705,1173220071,tg-login4,I-O,x unknown partition table,7,login
706,1173220071,tg-login4,I-O,x unknown partition table,7,login
707,1173220071,tg-login4,I-O,x unknown partition table,7,login
708,1173220071,tg-login4,I-O,x unknown partition table,7,login
709,1173220071,tg-login4,I-O,x unknown partition table,7,login
710,1173220071,tg-login4,I-O,x unknown partition table,7,login
711,1173220071,tg-login4,I-O,x unknown partition table,7,login
712,1173220071,tg-login4,I-O,x unknown partition table,7,login
713,1173220071,tg-login4,I-O,x unknown partition table,7,login
714,1173220071,tg-login4,I-O,x unknown partition table,7,login
715,1173220071,tg-login4,I-O,x unknown partition table,7,login
716,1173220072,tg-login4,I-O,x unknown partition table,7,login
717,1173220072,tg-login4,I-O,x unknown partition table,7,login
718,1173220072,tg-login4,I-O,x unknown partition table,7,login
719,1173220072,tg-login4,I-O,x unknown partition table,7,login
720,1173220072,tg-login4,I-O,x unknown partition table,7,login
721,1173220072,tg-login4,I-O,x unknown partition table,7,login
722,1173220072,tg-login4,I-O,x unknown partition table,7,login
723,1173220072,tg-login4,I-O,x unknown partition table,7,login
724,1173220072,tg-login4,I-O,x unknown partition table,7,login
725,1173220072,tg-login4,I-O,x unknown partition table,7,login
726,1173220072,tg-login4,I-O,x unknown partition table,7,login
727,1173220072,tg-login4,I-O,x unknown partition table,7,login
728,1173220072,tg-login4,I-O,x unknown partition table,7,login
729,1173220072,tg-login4,I-O,x unknown partition table,7,login
730,1173220072,tg-login4,I-O,x unknown partition table,7,login
731,1173220072,tg-login4,I-O,x unknown partition table,7,login
732,1173220072,tg-login4,I-O,x unknown partition table,7,login
733,1173220072,tg-login4,I-O,x unknown partition table,7,login
734,1173220072,tg-login4,I-O,x unknown partition table,7,login
735,1173220072,tg-login4,I-O,x unknown partition table,7,login
736,1173220072,tg-login4,I-O,x unknown partition table,7,login
737,1173220072,tg-login4,I-O,x unknown partition table,7,login
738,1173220072,tg-login4,I-O,x unknown partition table,7,login
739,1173220072,tg-login4,I-O,x unknown partition table,7,login
740,1173220073,tg-login4,I-O,x unknown partition table,7,login
741,1173220073,tg-login4,I-O,x unknown partition table,7,login
742,1173220073,tg-login4,I-O,x unknown partition table,7,login
743,1173220073,tg-login4,I-O,x unknown partition table,7,login
744,1173220073,tg-login4,I-O,x unknown partition table,7,login
745,1173220073,tg-login4,I-O,x unknown partition table,7,login
746,1173220073,tg-login4,I-O,x unknown partition table,7,login
747,1173220073,tg-login4,I-O,x unknown partition table,7,login
748,1173220073,tg-login4,I-O,x unknown partition table,7,login
749,1173220073,tg-login4,I-O,x unknown partition table,7,login
750,1173220073,tg-login4,I-O,x unknown partition table,7,login
751,1173220073,tg-login4,I-O,x unknown partition table,7,login
752,1173220073,tg-login4,I-O,x unknown partition table,7,login
753,1173220073,tg-login4,I-O,x unknown partition table,7,login
754,1173220073,tg-login4,I-O,x unknown partition table,7,login
755,1173220073,tg-login4,I-O,x unknown partition table,7,login
756,1173220073,tg-login4,I-O,x unknown partition table,7,login
757,1173220073,tg-login4,I-O,x unknown partition table,7,login
758,1173220073,tg-login4,I-O,x unknown partition table,7,login
759,1173220073,tg-login4,I-O,x unknown partition table,7,login
760,1173220073,tg-login4,I-O,x unknown partition table,7,login
761,1173220073,tg-login4,I-O,x unknown partition table,7,login
762,1173220073,tg-login4,I-O,x unknown partition table,7,login
763,1173220073,tg-login4,I-O,x unknown partition table,7,login
764,1173220074,tg-login4,I-O,x unknown partition table,7,login
765,1173220074,tg-login4,I-O,x unknown partition table,7,login
766,1173220074,tg-login4,I-O,x unknown partition table,7,login
767,1173220074,tg-login4,I-O,x unknown partition table,7,login
768,1173220074,tg-login4,I-O,x unknown partition table,7,login
769,1173220074,tg-login4,I-O,x unknown partition table,7,login
770,1173220074,tg-login4,I-O,x unknown partition table,7,login
771,1173220074,tg-login4,I-O,x unknown partition table,7,login
772,1173220074,tg-login4,I-O,x unknown partition table,7,login
773,1173220074,tg-login4,I-O,x unknown partition table,7,login
774,1173220074,tg-login4,I-O,x unknown partition table,7,login
775,1173220074,tg-login4,I-O,x unknown partition table,7,login
776,1173220074,tg-login4,I-O,x unknown partition table,7,login
777,1173220074,tg-login4,I-O,x unknown partition table,7,login
778,1173220074,tg-login4,I-O,x unknown partition table,7,login
779,1173220074,tg-login4,I-O,x unknown partition table,7,login
780,1173220074,tg-login4,I-O,x unknown partition table,7,login
781,1173220074,tg-login4,I-O,x unknown partition table,7,login
782,1173220074,tg-login4,I-O,x unknown partition table,7,login
783,1173220074,tg-login4,I-O,x unknown partition table,7,login
784,1173220074,tg-login4,I-O,x unknown partition table,7,login
785,1173220074,tg-login4,I-O,x unknown partition table,7,login
786,1173220075,tg-login4,I-O,x unknown partition table,7,login
787,1173220075,tg-login4,I-O,x unknown partition table,7,login
788,1173220075,tg-login4,I-O,x unknown partition table,7,login
789,1173220075,tg-login4,I-O,x unknown partition table,7,login
790,1173220075,tg-login4,I-O,x unknown partition table,7,login
791,1173220075,tg-login4,I-O,x unknown partition table,7,login
792,1173220075,tg-login4,I-O,x unknown partition table,7,login
793,1173220075,tg-login4,I-O,x unknown partition table,7,login
794,1173220075,tg-login4,I-O,x unknown partition table,7,login
795,1173220075,tg-login4,I-O,x unknown partition table,7,login
796,1173220075,tg-login4,I-O,x unknown partition table,7,login
797,1173220075,tg-login4,I-O,x unknown partition table,7,login
798,1173220075,tg-login4,I-O,x unknown partition table,7,login
799,1173220075,tg-login4,I-O,x unknown partition table,7,login
800,1173220075,tg-login4,I-O,x unknown partition table,7,login
801,1173220075,tg-login4,I-O,x unknown partition table,7,login
802,1173220075,tg-login4,I-O,x unknown partition table,7,login
803,1173220075,tg-login4,I-O,x unknown partition table,7,login
804,1173220075,tg-login4,I-O,x unknown partition table,7,login
805,1173220075,tg-login4,I-O,x unknown partition table,7,login
806,1173220075,tg-login4,I-O,x unknown partition table,7,login
807,1173220075,tg-login4,I-O,x unknown partition table,7,login
808,1173220076,tg-login4,I-O,x unknown partition table,7,login
809,1173220076,tg-login4,I-O,x unknown partition table,7,login
810,1173220076,tg-login4,I-O,x unknown partition table,7,login
811,1173220076,tg-login4,I-O,x unknown partition table,7,login
812,1173220076,tg-login4,I-O,x unknown partition table,7,login
813,1173220076,tg-login4,I-O,x unknown partition table,7,login
814,1173220076,tg-login4,I-O,x unknown partition table,7,login
815,1173220076,tg-login4,I-O,x unknown partition table,7,login
816,1173220076,tg-login4,I-O,x unknown partition table,7,login
817,1173220076,tg-login4,I-O,x unknown partition table,7,login
818,1173220076,tg-login4,I-O,x unknown partition table,7,login
819,1173220076,tg-login4,I-O,x unknown partition table,7,login
820,1173220076,tg-login4,I-O,x unknown partition table,7,login
821,1173220076,tg-login4,I-O,x unknown partition table,7,login
822,1173220076,tg-login4,I-O,x unknown partition table,7,login
